Model,evttime,nnegative,numrets,car_m,ret_m,abret_m,cret_me,car_me,bhar_me,abret_t,abret_Probt,bhar_t,bhar_Probt,car_te,car_te_probt,car_t,car_Probt,pat_ar,pat_ar_probz,patcar_me,patcar_me_probz,sar_t,sar_Probt,scar_te,scar_te_probt,gen_sign_stat,gen_sign_probz,sign_stat,sign_probm,wlcx_rank_stat,wlcx_rank_probs,corrado_rank_stat,corrado_rank_probz
Market-Adjusted Model,-20,1,1,-0.009413403,-0.002613,-0.009413403,0.069538,0.0455093736,0.0444220478,,,,,,,,,-0.723871426,0.2345723369,0.5465422121,0.454995567,,,,,-1.02,0.1538642304,-0.5,1,-0.5,1,-0.933611156,0.1752522542
Market-Adjusted Model,-19,1,1,-0.02397045,-0.006457,-0.014557047,0.069538,0.0455093736,0.0444220478,,,,,,,,,-1.11940709,0.1314832539,0.5465422121,0.3867224599,,,,,-1.02,0.1538642304,-0.5,1,-0.5,1,-1.326710591,0.0923022181
Market-Adjusted Model,-18,1,1,-0.051982506,-0.016012,-0.028012056,0.069538,0.0455093736,0.0444220478,,,,,,,,,-2.154069785,0.0156173498,0.5465422121,0.2662215555,,,,,-1.02,0.1538642304,-0.5,1,-0.5,1,-1.646103881,0.0498711868
Market-Adjusted Model,-17,1,1,-0.06642627,-0.012444,-0.014443764,0.069538,0.0455093736,0.0444220478,,,,,,,,,-1.110695871,0.13334964,0.5465422121,0.2125099751,,,,,-1.02,0.1538642304,-0.5,1,-0.5,1,-1.277573161,0.1006999844
Market-Adjusted Model,-16,1,1,-0.072608115,-0.006882,-0.006181845,0.069538,0.0455093736,0.0444220478,,,,,,,,,-0.475371266,0.3172611855,0.5465422121,0.1916088278,,,,,-1.02,0.1538642304,-0.5,1,-0.5,1,-0.565080437,0.2860095271
Market-Adjusted Model,-15,0,1,-0.064052893,-0.002245,0.0085552215,0.069538,0.0455093736,0.0444220478,,,,,,,,,0.6578790272,0.7446920659,0.5465422121,0.2208755577,,,,,0.98,0.1635430593,0.5,1,0.5,1,0.7861988685,0.2158754944
Market-Adjusted Model,-14,1,1,-0.078523851,-0.010271,-0.014470958,0.069538,0.0455093736,0.0444220478,,,,,,,,,-1.112787025,0.1328999546,0.5465422121,0.1728333708,,,,,-1.02,0.1538642304,-0.5,1,-0.5,1,-1.302141876,0.0964339451
Market-Adjusted Model,-13,0,1,-0.075871667,0.004052,0.0026521842,0.069538,0.0455093736,0.0444220478,,,,,,,,,0.2039475388,0.5808027524,0.5465422121,0.1811012099,,,,,0.98,0.1635430593,0.5,1,0.5,1,0.2948245757,0.3840639459
Market-Adjusted Model,-12,0,1,-0.056778095,0.006694,0.0190935722,0.069538,0.0455093736,0.0444220478,,,,,,,,,1.4682566235,0.9289827357,0.5465422121,0.2476595438,,,,,0.98,0.1635430593,0.5,1,0.5,1,1.5232603077,0.0638467967
Market-Adjusted Model,-11,1,1,-0.069000526,-0.007822,-0.012222431,0.069538,0.0455093736,0.0444220478,,,,,,,,,-0.939879914,0.1736395806,0.5465422121,0.2036490205,,,,,-1.02,0.1538642304,-0.5,1,-0.5,1,-1.130160873,0.1292042216
Market-Adjusted Model,-10,0,1,-0.055030948,0.002070,0.0139695772,0.069538,0.0455093736,0.0444220478,,,,,,,,,1.0742318963,0.85864062,0.5465422121,0.2543411035,,,,,0.98,0.1635430593,0.5,1,0.5,1,1.2775731613,0.1006999844
Market-Adjusted Model,-9,0,1,-0.047581302,0.008950,0.0074496459,0.069538,0.0455093736,0.0444220478,,,,,,,,,0.5728625262,0.7166311103,0.5465422121,0.2838558198,,,,,0.98,0.1635430593,0.5,1,0.5,1,0.6387865807,0.2614808896
Market-Adjusted Model,-8,1,1,-0.064538384,-0.001657,-0.016957082,0.069538,0.0455093736,0.0444220478,,,,,,,,,-1.303964868,0.0961227806,0.5465422121,0.2191491427,,,,,-1.02,0.1538642304,-0.5,1,-0.5,1,-1.449554164,0.0735914429
Market-Adjusted Model,-7,0,1,-0.056579392,0.009959,0.0079589924,0.069538,0.0455093736,0.0444220478,,,,,,,,,0.6120302247,0.7297411198,0.5465422121,0.2484146843,,,,,0.98,0.1635430593,0.5,1,0.5,1,0.6879240099,0.2457503179
Market-Adjusted Model,-6,1,1,-0.057079392,0.000000,-0.0005,0.069538,0.0455093736,0.0444220478,,,,,,,,,-0.038448977,0.4846648561,0.5465422121,0.2465168548,,,,,-1.02,0.1538642304,-0.5,1,-0.5,1,-0.122843573,0.4511154846
Market-Adjusted Model,-5,0,1,-0.048080088,-0.008701,0.0089993039,0.069538,0.0455093736,0.0444220478,,,,,,,,,0.6920280544,0.7555401444,0.5465422121,0.2818295534,,,,,0.98,0.1635430593,0.5,1,0.5,1,0.8844737271,0.1882202695
Market-Adjusted Model,-4,1,1,-0.048365225,-0.000585,-0.000285138,0.069538,0.0455093736,0.0444220478,,,,,,,,,-0.021926491,0.4912532967,0.5465422121,0.2806743499,,,,,-1.02,0.1538642304,-0.5,1,-0.5,1,-0.073706144,0.470622105
Market-Adjusted Model,-3,0,1,-0.033678964,0.004586,0.0146862607,0.069538,0.0455093736,0.0444220478,,,,,,,,,1.129343392,0.8706234986,0.5465422121,0.3429351879,,,,,0.98,0.1635430593,0.5,1,0.5,1,1.3267105906,0.0923022181
Market-Adjusted Model,-2,1,1,-0.041431951,-0.015153,-0.007752987,0.069538,0.0455093736,0.0444220478,,,,,,,,,-0.596188824,0.2755245456,0.5465422121,0.3093919401,,,,,-1.02,0.1538642304,-0.5,1,-0.5,1,-0.786198869,0.2158754944
Market-Adjusted Model,-1,1,1,-0.052725018,-0.007693,-0.011293066,0.069538,0.0455093736,0.0444220478,,,,,,,,,-0.868413691,0.1925839513,0.5465422121,0.2633021512,,,,,-1.02,0.1538642304,-0.5,1,-0.5,1,-1.05645473,0.1453802565
Market-Adjusted Model,0,0,1,0.0274808863,0.064606,0.080205904,0.069538,0.0455093736,0.0444220478,,,,,,,,,6.167669859,0.9999999997,0.5465422121,0.6293114014,,,,,0.98,0.1635430593,0.5,1,0.5,1,1.7198100249,0.0427334899
Market-Adjusted Model,1,1,1,0.0002690947,-0.016712,-0.027211792,0.069538,0.0455093736,0.0444220478,,,,,,,,,-2.092531081,0.0181955172,0.5465422121,0.5012892506,,,,,-1.02,0.1538642304,-0.5,1,-0.5,1,-1.621535166,0.0524514572
Market-Adjusted Model,2,1,1,-0.027994445,-0.011964,-0.02826354,0.069538,0.0455093736,0.0444220478,,,,,,,,,-2.173408355,0.0148747983,0.5465422121,0.3683609007,,,,,-1.02,0.1538642304,-0.5,1,-0.5,1,-1.670672596,0.0473931823
Market-Adjusted Model,3,0,1,-0.010341514,0.028253,0.017652931,0.069538,0.0455093736,0.0444220478,,,,,,,,,1.3574742637,0.9126847172,0.5465422121,0.4505801164,,,,,0.98,0.1635430593,0.5,1,0.5,1,1.4495541638,0.0735914429
Market-Adjusted Model,4,0,1,0.0021846543,0.019626,0.0125261682,0.069538,0.0455093736,0.0444220478,,,,,,,,,0.9632366991,0.832285624,0.5465422121,0.5104656405,,,,,0.98,0.1635430593,0.5,1,0.5,1,1.1301608735,0.1292042216
Market-Adjusted Model,5,0,1,0.0095085773,0.012924,0.007323923,0.069538,0.0455093736,0.0444220478,,,,,,,,,0.5631946893,0.7133488406,0.5465422121,0.545457486,,,,,0.98,0.1635430593,0.5,1,0.5,1,0.614217866,0.2695356844
Market-Adjusted Model,6,0,1,0.0238385112,0.009230,0.0143299339,0.069538,0.0455093736,0.0444220478,,,,,,,,,1.1019425911,0.8647566847,0.5465422121,0.6126709323,,,,,0.98,0.1635430593,0.5,1,0.5,1,1.302141876,0.0964339451
Market-Adjusted Model,7,0,1,0.029428765,0.007890,0.0055902537,0.069538,0.0455093736,0.0444220478,,,,,,,,,0.4298790713,0.6663581948,0.5465422121,0.6381143516,,,,,0.98,0.1635430593,0.5,1,0.5,1,0.4668055782,0.3203194923
Market-Adjusted Model,8,0,1,0.0426207763,0.017792,0.0131920114,0.069538,0.0455093736,0.0444220478,,,,,,,,,1.0144386755,0.8448132613,0.5465422121,0.6956226222,,,,,0.98,0.1635430593,0.5,1,0.5,1,1.2038670174,0.1143204908
Market-Adjusted Model,9,0,1,0.0447791891,0.003758,0.0021584127,0.069538,0.0455093736,0.0444220478,,,,,,,,,0.165977521,0.5659126798,0.5465422121,0.7046331484,,,,,0.98,0.1635430593,0.5,1,0.5,1,0.1965497171,0.4220899614
Market-Adjusted Model,10,0,1,0.0451302862,0.002351,0.0003510972,0.069538,0.0455093736,0.0444220478,,,,,,,,,0.0269986544,0.5107695964,0.5465422121,0.7060871595,,,,,0.98,0.1635430593,0.5,1,0.5,1,0.0245687146,0.4901994869
Market-Adjusted Model,11,1,1,0.0351649053,-0.013465,-0.009965381,0.069538,0.0455093736,0.0444220478,,,,,,,,,-0.766317398,0.2217437343,0.5465422121,0.6636009534,,,,,-1.02,0.1538642304,-0.5,1,-0.5,1,-1.0073173,0.1568911593
Market-Adjusted Model,12,0,1,0.0488737817,0.013209,0.0137088764,0.069538,0.0455093736,0.0444220478,,,,,,,,,1.0541845345,0.8541007804,0.5465422121,0.7213803077,,,,,0.98,0.1635430593,0.5,1,0.5,1,1.2530044467,0.1051020442
Market-Adjusted Model,13,1,1,0.0255344804,-0.016339,-0.023339301,0.069538,0.0455093736,0.0444220478,,,,,,,,,-1.794744496,0.0363472088,0.5465422121,0.6204469611,,,,,-1.02,0.1538642304,-0.5,1,-0.5,1,-1.596966452,0.0551365928
Market-Adjusted Model,14,0,1,0.0438095114,0.020675,0.0182750309,0.069538,0.0455093736,0.0444220478,,,,,,,,,1.4053124745,0.9200358097,0.5465422121,0.7006002978,,,,,0.98,0.1635430593,0.5,1,0.5,1,1.4986915931,0.0669768293
Market-Adjusted Model,15,0,1,0.0669584726,0.012249,0.0231489612,0.069538,0.0455093736,0.0444220478,,,,,,,,,1.7801077387,0.9624708348,0.5465422121,0.7893401864,,,,,0.98,0.1635430593,0.5,1,0.5,1,1.5969664517,0.0551365928
Market-Adjusted Model,16,0,1,0.0701296808,0.000771,0.0031712082,0.069538,0.0455093736,0.0444220478,,,,,,,,,0.2438594221,0.5963301515,0.5465422121,0.8001671361,,,,,0.98,0.1635430593,0.5,1,0.5,1,0.343962005,0.3654374301
Market-Adjusted Model,17,1,1,0.0606992244,-0.011730,-0.009430456,0.069538,0.0455093736,0.0444220478,,,,,,,,,-0.725182794,0.2341699485,0.5465422121,0.7669881135,,,,,-1.02,0.1538642304,-0.5,1,-0.5,1,-0.958179871,0.1689860328
Market-Adjusted Model,18,0,1,0.0741785868,0.002079,0.0134793623,0.069538,0.0455093736,0.0444220478,,,,,,,,,1.0365353749,0.8500237775,0.5465422121,0.8134934282,,,,,0.98,0.1635430593,0.5,1,0.5,1,1.2284357321,0.1096417206
Market-Adjusted Model,19,1,1,0.0588023806,-0.007176,-0.015376206,0.069538,0.0455093736,0.0444220478,,,,,,,,,-1.18239878,0.1185237535,0.5465422121,0.7599630838,,,,,-1.02,0.1538642304,-0.5,1,-0.5,1,-1.351279305,0.0883029893
Market-Adjusted Model,20,1,1,0.0455093736,-0.004093,-0.013293007,0.069538,0.0455093736,0.0444220478,,,,,,,,,-1.022205036,0.153341934,0.5465422121,0.7076533601,,,,,-1.02,0.1538642304,-0.5,1,-0.5,1,-1.203867017,0.1143204908
