PERMNO,HdrCUSIP,Ticker,PERMCO,DlyCalDt,DlyVol
55976,93114210,WMT,21880,2025-10-23,11408241
55976,93114210,WMT,21880,2025-10-24,10317959
55976,93114210,WMT,21880,2025-10-27,16375860
55976,93114210,WMT,21880,2025-10-28,13322994
55976,93114210,WMT,21880,2025-10-29,11986407
55976,93114210,WMT,21880,2025-10-30,14065077
55976,93114210,WMT,21880,2025-10-31,20237018
55976,93114210,WMT,21880,2025-11-03,14811687
55976,93114210,WMT,21880,2025-11-04,12636350
55976,93114210,WMT,21880,2025-11-05,13356821
55976,93114210,WMT,21880,2025-11-06,14866025
55976,93114210,WMT,21880,2025-11-07,17248716
55976,93114210,WMT,21880,2025-11-10,14507603
55976,93114210,WMT,21880,2025-11-11,13182144
55976,93114210,WMT,21880,2025-11-12,12084407
55976,93114210,WMT,21880,2025-11-13,18088506
55976,93114210,WMT,21880,2025-11-14,23424211
55976,93114210,WMT,21880,2025-11-17,15289373
55976,93114210,WMT,21880,2025-11-18,17604460
55976,93114210,WMT,21880,2025-11-19,22157029
55976,93114210,WMT,21880,2025-11-20,50375920
55976,93114210,WMT,21880,2025-11-21,41420780
55976,93114210,WMT,21880,2025-11-24,42519159
55976,93114210,WMT,21880,2025-11-25,20212882
55976,93114210,WMT,21880,2025-11-26,17783281
55976,93114210,WMT,21880,2025-11-28,9846525
55976,93114210,WMT,21880,2025-12-01,17236750
55976,93114210,WMT,21880,2025-12-02,18711770
55976,93114210,WMT,21880,2025-12-03,24478280
55976,93114210,WMT,21880,2025-12-04,25905150
55976,93114210,WMT,21880,2025-12-05,23956430
55976,93114210,WMT,21880,2025-12-08,22700747
55976,93114210,WMT,21880,2025-12-09,24064798
55976,93114210,WMT,21880,2025-12-10,22681568
55976,93114210,WMT,21880,2025-12-11,21341496
55976,93114210,WMT,21880,2025-12-12,18899511
55976,93114210,WMT,21880,2025-12-15,18233368
55976,93114210,WMT,21880,2025-12-16,19396381
55976,93114210,WMT,21880,2025-12-17,16005464
55976,93114210,WMT,21880,2025-12-18,21319334
55976,93114210,WMT,21880,2025-12-19,49815204
