costat,curcd,datafmt,indfmt,consol,tic,fyear,gvkey,at,seq,ni
A,USD,STD,INDL,C,COST,2021,29028,59268,17564,5007
A,USD,STD,INDL,C,COST,2022,29028,64166,20642,5844
A,USD,STD,INDL,C,COST,2023,29028,68994,25058,6292
A,USD,STD,INDL,C,COST,2024,29028,69831,23633,7367
A,USD,STD,INDL,C,COST,2025,29028,77099,29164,8099
A,USD,STD,INDL,C,DG,2021,4016,26327.371,6261.986,2399.232
A,USD,STD,INDL,C,DG,2022,4016,29083.367,5541.772,2415.989
A,USD,STD,INDL,C,DG,2023,4016,30795.591,6749.119,1661.274
A,USD,STD,INDL,C,DG,2024,4016,31132.733,7413.707,1125.253
A,USD,STD,INDL,C,DG,2025,4016,30963.73,8511.962,1512.311
A,USD,STD,INDL,C,TGT,2021,3813,53811,12827,6946
A,USD,STD,INDL,C,TGT,2022,3813,53335,11232,2780
A,USD,STD,INDL,C,TGT,2023,3813,55356,13432,4138
A,USD,STD,INDL,C,TGT,2024,3813,57769,14666,4091
A,USD,STD,INDL,C,TGT,2025,3813,59490,16165,3705
A,USD,STD,INDL,C,WMMVY,2021,105104,19238.614,9067.464,2153.088
A,USD,STD,INDL,C,WMMVY,2022,105104,21470.818,10379.835,2510.733
A,USD,STD,INDL,C,WMMVY,2023,105104,25823.029,11776.835,3051.701
A,USD,STD,INDL,C,WMMVY,2024,105104,23701.731,11175.601,2583.155
A,USD,STD,INDL,C,WMMVY,2025,105104,27510.414,13085.514,2771.228
A,USD,STD,INDL,C,WMT,2021,11259,244860,83253,13673
A,USD,STD,INDL,C,WMT,2022,11259,243197,76693,11680
A,USD,STD,INDL,C,WMT,2023,11259,252399,83861,15511
A,USD,STD,INDL,C,WMT,2024,11259,260823,91013,19436
A,USD,STD,INDL,C,WMT,2025,11259,284668,99617,21893